<?xml version="1.0" encoding="UTF-8"?>
<project version="4">
  <component name="ChangeListManager">
    <list default="true" id="9f243686-d64f-4be9-9d0b-225b5f9a4e4a" name="Default" comment="" />
    <ignored path="$PROJECT_DIR$/.tmp/" />
    <ignored path="$PROJECT_DIR$/temp/" />
    <ignored path="$PROJECT_DIR$/tmp/" />
    <option name="EXCLUDED_CONVERTED_TO_IGNORED" value="true" />
    <option name="TRACKING_ENABLED" value="true" />
    <option name="SHOW_DIALOG" value="false" />
    <option name="HIGHLIGHT_CONFLICTS" value="true" />
    <option name="HIGHLIGHT_NON_ACTIVE_CHANGELIST" value="false" />
    <option name="LAST_RESOLUTION" value="IGNORE" />
  </component>
  <component name="ExecutionTargetManager" SELECTED_TARGET="default_target" />
  <component name="FileEditorManager">
    <leaf SIDE_TABS_SIZE_LIMIT_KEY="300">
      <file leaf-file-name="zhuce.js" pinned="false" current-in-tab="true">
        <entry file="file://$PROJECT_DIR$/muyingzhijia/js/zhuce.js">
          <provider selected="true" editor-type-id="text-editor">
            <state relative-caret-position="355">
              <caret line="152" column="10" lean-forward="true" selection-start-line="152" selection-start-column="10" selection-end-line="152" selection-end-column="10" />
              <folding>
                <marker date="1491396174533" expanded="true" signature="333:400" ph="..." />
                <marker date="1491396174533" expanded="true" signature="623:692" ph="..." />
                <marker date="1491396174533" expanded="true" signature="1233:1300" ph="..." />
                <marker date="1491396174533" expanded="true" signature="2050:2119" ph="..." />
                <marker date="1491396174533" expanded="true" signature="2649:2718" ph="..." />
                <marker date="1491396174533" expanded="true" signature="2957:3024" ph="..." />
                <marker date="1491396174533" expanded="true" signature="3277:3344" ph="..." />
                <marker date="1491396174533" expanded="true" signature="4139:4206" ph="..." />
                <marker date="1491396174533" expanded="true" signature="4561:4628" ph="..." />
                <marker date="1491396174533" expanded="true" signature="5137:5204" ph="..." />
                <marker date="1491396174533" expanded="true" signature="5639:5706" ph="..." />
              </folding>
            </state>
          </provider>
        </entry>
      </file>
      <file leaf-file-name="detail2.html" pinned="false" current-in-tab="false">
        <entry file="file://$PROJECT_DIR$/muyingzhijia/html/detail2.html">
          <provider selected="true" editor-type-id="text-editor">
            <state relative-caret-position="213">
              <caret line="311" column="26" lean-forward="true" selection-start-line="311" selection-start-column="26" selection-end-line="311" selection-end-column="26" />
              <folding>
                <element signature="n#script#4;n#head#0;n#html#0;n#!!top" expanded="false" />
                <element signature="n#script#5;n#head#0;n#html#0;n#!!top" expanded="false" />
                <marker date="1491397242102" expanded="true" signature="738:760" ph="..." />
              </folding>
            </state>
          </provider>
        </entry>
      </file>
      <file leaf-file-name="header.html" pinned="false" current-in-tab="false">
        <entry file="file://$PROJECT_DIR$/muyingzhijia/html/header.html">
          <provider selected="true" editor-type-id="text-editor">
            <state relative-caret-position="175">
              <caret line="7" column="26" lean-forward="true" selection-start-line="7" selection-start-column="26" selection-end-line="7" selection-end-column="26" />
              <folding>
                <element signature="n#style#0;n#a#0;n#div#0;n#li#3;n#ul#1;n#div#0;n#div#0;n#!!top" expanded="true" />
                <element signature="n#style#0;n#a#1;n#div#0;n#li#3;n#ul#1;n#div#0;n#div#0;n#!!top" expanded="true" />
                <element signature="n#style#0;n#li#0;n#ul#0;n#div#1;n#div#0;n#div#2;n#!!top" expanded="true" />
                <element signature="n#style#0;n#li#1;n#ul#0;n#div#1;n#div#0;n#div#2;n#!!top" expanded="true" />
              </folding>
            </state>
          </provider>
        </entry>
      </file>
      <file leaf-file-name="shoppingcar.css" pinned="false" current-in-tab="false">
        <entry file="file://$PROJECT_DIR$/muyingzhijia/css/shoppingcar.css">
          <provider selected="true" editor-type-id="text-editor">
            <state relative-caret-position="25">
              <caret line="1" column="32" lean-forward="false" selection-start-line="1" selection-start-column="32" selection-end-line="1" selection-end-column="32" />
              <folding />
            </state>
          </provider>
        </entry>
      </file>
      <file leaf-file-name="login.css" pinned="false" current-in-tab="false">
        <entry file="file://$PROJECT_DIR$/muyingzhijia/css/login.css">
          <provider selected="true" editor-type-id="text-editor">
            <state relative-caret-position="25">
              <caret line="1" column="0" lean-forward="false" selection-start-line="1" selection-start-column="0" selection-end-line="1" selection-end-column="33" />
              <folding />
            </state>
          </provider>
        </entry>
      </file>
      <file leaf-file-name="zhuce.css" pinned="false" current-in-tab="false">
        <entry file="file://$PROJECT_DIR$/muyingzhijia/css/zhuce.css">
          <provider selected="true" editor-type-id="text-editor">
            <state relative-caret-position="25">
              <caret line="3" column="33" lean-forward="true" selection-start-line="3" selection-start-column="33" selection-end-line="3" selection-end-column="33" />
              <folding />
            </state>
          </provider>
        </entry>
      </file>
      <file leaf-file-name="login.js" pinned="false" current-in-tab="false">
        <entry file="file://$PROJECT_DIR$/muyingzhijia/js/login.js">
          <provider selected="true" editor-type-id="text-editor">
            <state relative-caret-position="175">
              <caret line="51" column="36" lean-forward="false" selection-start-line="51" selection-start-column="36" selection-end-line="51" selection-end-column="36" />
              <folding>
                <marker date="1491384161244" expanded="true" signature="333:400" ph="..." />
                <marker date="1491384161244" expanded="true" signature="623:692" ph="..." />
                <marker date="1491384161244" expanded="true" signature="1233:1300" ph="..." />
                <marker date="1491384161244" expanded="true" signature="1543:1612" ph="..." />
                <marker date="1491384161244" expanded="true" signature="2461:2528" ph="..." />
                <marker date="1491384161244" expanded="true" signature="2779:2846" ph="..." />
              </folding>
            </state>
          </provider>
        </entry>
      </file>
      <file leaf-file-name="login.html" pinned="false" current-in-tab="false">
        <entry file="file://$PROJECT_DIR$/muyingzhijia/html/login.html">
          <provider selected="true" editor-type-id="text-editor">
            <state relative-caret-position="125">
              <caret line="14" column="0" lean-forward="false" selection-start-line="14" selection-start-column="0" selection-end-line="14" selection-end-column="0" />
              <folding />
            </state>
          </provider>
        </entry>
      </file>
      <file leaf-file-name="shoppingcar.html" pinned="false" current-in-tab="false">
        <entry file="file://$PROJECT_DIR$/muyingzhijia/html/shoppingcar.html">
          <provider selected="true" editor-type-id="text-editor">
            <state relative-caret-position="377">
              <caret line="145" column="48" lean-forward="true" selection-start-line="145" selection-start-column="48" selection-end-line="145" selection-end-column="48" />
              <folding>
                <element signature="n#script#2;n#head#0;n#html#0;n#!!top" expanded="false" />
                <element signature="n#script#3;n#head#0;n#html#0;n#!!top" expanded="false" />
                <element signature="n#div#2;n#body#0;n#html#0;n#!!top" expanded="false" />
                <marker date="1491393647878" expanded="true" signature="3817:3839" ph="..." />
              </folding>
            </state>
          </provider>
        </entry>
      </file>
      <file leaf-file-name="list.html" pinned="false" current-in-tab="false">
        <entry file="file://$PROJECT_DIR$/muyingzhijia/html/list.html">
          <provider selected="true" editor-type-id="text-editor">
            <state relative-caret-position="388">
              <caret line="235" column="0" lean-forward="true" selection-start-line="235" selection-start-column="0" selection-end-line="235" selection-end-column="0" />
              <folding>
                <element signature="n#div#2;n#body#0;n#html#0;n#!!top" expanded="false" />
                <element signature="n#div#1;n#div#2;n#body#0;n#html#0;n#!!top" expanded="false" />
                <element signature="n#div#2;n#div#2;n#body#0;n#html#0;n#!!top" expanded="false" />
                <element signature="n#div#3;n#div#2;n#body#0;n#html#0;n#!!top" expanded="false" />
                <element signature="n#div#4;n#div#2;n#body#0;n#html#0;n#!!top" expanded="false" />
                <element signature="n#div#5;n#div#2;n#body#0;n#html#0;n#!!top" expanded="false" />
                <element signature="n#div#6;n#div#2;n#body#0;n#html#0;n#!!top" expanded="false" />
                <element signature="n#div#7;n#div#2;n#body#0;n#html#0;n#!!top" expanded="false" />
                <element signature="n#div#8;n#div#2;n#body#0;n#html#0;n#!!top" expanded="false" />
                <element signature="n#div#9;n#div#2;n#body#0;n#html#0;n#!!top" expanded="false" />
                <element signature="n#div#10;n#div#2;n#body#0;n#html#0;n#!!top" expanded="false" />
                <element signature="n#div#11;n#div#2;n#body#0;n#html#0;n#!!top" expanded="false" />
                <element signature="n#div#12;n#div#2;n#body#0;n#html#0;n#!!top" expanded="false" />
                <element signature="n#div#13;n#div#2;n#body#0;n#html#0;n#!!top" expanded="false" />
                <element signature="n#div#14;n#div#2;n#body#0;n#html#0;n#!!top" expanded="false" />
                <marker date="1491396083047" expanded="true" signature="2176:2198" ph="..." />
              </folding>
            </state>
          </provider>
        </entry>
      </file>
    </leaf>
  </component>
  <component name="FileTemplateManagerImpl">
    <option name="RECENT_TEMPLATES">
      <list>
        <option value="HTML File" />
      </list>
    </option>
  </component>
  <component name="IdeDocumentHistory">
    <option name="CHANGED_PATHS">
      <list>
        <option value="$PROJECT_DIR$/muyingzhijia/css/index.css" />
        <option value="$PROJECT_DIR$/muyingzhijia/css/common2.css" />
        <option value="$PROJECT_DIR$/muyingzhijia/js/login.js" />
        <option value="$PROJECT_DIR$/muyingzhijia/js/common2.js" />
        <option value="$PROJECT_DIR$/muyingzhijia/js/index.js" />
        <option value="$PROJECT_DIR$/muyingzhijia/css/shoppingcar.css" />
        <option value="$PROJECT_DIR$/muyingzhijia/html/footer.html" />
        <option value="$PROJECT_DIR$/muyingzhijia/html/index.html" />
        <option value="$PROJECT_DIR$/muyingzhijia/html/zhuce.html" />
        <option value="$PROJECT_DIR$/muyingzhijia/css/login.css" />
        <option value="$PROJECT_DIR$/muyingzhijia/css/zhuce.css" />
        <option value="$PROJECT_DIR$/muyingzhijia/html/login.html" />
        <option value="$PROJECT_DIR$/muyingzhijia/html/header.html" />
        <option value="$PROJECT_DIR$/muyingzhijia/html/shoppingcar.html" />
        <option value="$PROJECT_DIR$/muyingzhijia/html/list.html" />
        <option value="$PROJECT_DIR$/muyingzhijia/js/zhuce.js" />
        <option value="$PROJECT_DIR$/muyingzhijia/html/detail2.html" />
      </list>
    </option>
  </component>
  <component name="JsBuildToolGruntFileManager" detection-done="true" sorting="DEFINITION_ORDER" />
  <component name="JsBuildToolPackageJson" detection-done="true" sorting="DEFINITION_ORDER" />
  <component name="JsGulpfileManager">
    <detection-done>true</detection-done>
    <sorting>DEFINITION_ORDER</sorting>
  </component>
  <component name="ProjectFrameBounds">
    <option name="x" value="48" />
    <option name="y" value="190" />
    <option name="width" value="1373" />
    <option name="height" value="738" />
  </component>
  <component name="ProjectView">
    <navigator currentView="ProjectPane" proportions="" version="1">
      <flattenPackages />
      <showMembers />
      <showModules />
      <showLibraryContents />
      <hideEmptyPackages />
      <abbreviatePackageNames />
      <autoscrollToSource />
      <autoscrollFromSource />
      <sortByType />
      <manualOrder />
      <foldersAlwaysOnTop value="true" />
    </navigator>
    <panes>
      <pane id="ProjectPane">
        <subPane>
          <PATH>
            <PATH_ELEMENT>
              <option name="myItemId" value="a" />
              <option name="myItemType" value="com.intellij.ide.projectView.impl.nodes.ProjectViewProjectNode" />
            </PATH_ELEMENT>
            <PATH_ELEMENT>
              <option name="myItemId" value="a" />
              <option name="myItemType" value="com.intellij.ide.projectView.impl.nodes.PsiDirectoryNode" />
            </PATH_ELEMENT>
            <PATH_ELEMENT>
              <option name="myItemId" value="muyingzhijia" />
              <option name="myItemType" value="com.intellij.ide.projectView.impl.nodes.PsiDirectoryNode" />
            </PATH_ELEMENT>
          </PATH>
          <PATH>
            <PATH_ELEMENT>
              <option name="myItemId" value="a" />
              <option name="myItemType" value="com.intellij.ide.projectView.impl.nodes.ProjectViewProjectNode" />
            </PATH_ELEMENT>
            <PATH_ELEMENT>
              <option name="myItemId" value="a" />
              <option name="myItemType" value="com.intellij.ide.projectView.impl.nodes.PsiDirectoryNode" />
            </PATH_ELEMENT>
            <PATH_ELEMENT>
              <option name="myItemId" value="muyingzhijia" />
              <option name="myItemType" value="com.intellij.ide.projectView.impl.nodes.PsiDirectoryNode" />
            </PATH_ELEMENT>
            <PATH_ELEMENT>
              <option name="myItemId" value="js" />
              <option name="myItemType" value="com.intellij.ide.projectView.impl.nodes.PsiDirectoryNode" />
            </PATH_ELEMENT>
          </PATH>
          <PATH>
            <PATH_ELEMENT>
              <option name="myItemId" value="a" />
              <option name="myItemType" value="com.intellij.ide.projectView.impl.nodes.ProjectViewProjectNode" />
            </PATH_ELEMENT>
            <PATH_ELEMENT>
              <option name="myItemId" value="a" />
              <option name="myItemType" value="com.intellij.ide.projectView.impl.nodes.PsiDirectoryNode" />
            </PATH_ELEMENT>
            <PATH_ELEMENT>
              <option name="myItemId" value="muyingzhijia" />
              <option name="myItemType" value="com.intellij.ide.projectView.impl.nodes.PsiDirectoryNode" />
            </PATH_ELEMENT>
            <PATH_ELEMENT>
              <option name="myItemId" value="html" />
              <option name="myItemType" value="com.intellij.ide.projectView.impl.nodes.PsiDirectoryNode" />
            </PATH_ELEMENT>
          </PATH>
          <PATH>
            <PATH_ELEMENT>
              <option name="myItemId" value="a" />
              <option name="myItemType" value="com.intellij.ide.projectView.impl.nodes.ProjectViewProjectNode" />
            </PATH_ELEMENT>
            <PATH_ELEMENT>
              <option name="myItemId" value="a" />
              <option name="myItemType" value="com.intellij.ide.projectView.impl.nodes.PsiDirectoryNode" />
            </PATH_ELEMENT>
            <PATH_ELEMENT>
              <option name="myItemId" value="muyingzhijia" />
              <option name="myItemType" value="com.intellij.ide.projectView.impl.nodes.PsiDirectoryNode" />
            </PATH_ELEMENT>
            <PATH_ELEMENT>
              <option name="myItemId" value="css" />
              <option name="myItemType" value="com.intellij.ide.projectView.impl.nodes.PsiDirectoryNode" />
            </PATH_ELEMENT>
          </PATH>
        </subPane>
      </pane>
      <pane id="Scratches" />
      <pane id="Scope" />
    </panes>
  </component>
  <component name="PropertiesComponent">
    <property name="nodejs_interpreter_path" value="C:/Program Files/nodejs/node" />
    <property name="WebServerToolWindowFactoryState" value="false" />
    <property name="last_opened_file_path" value="$PROJECT_DIR$" />
    <property name="HbShouldOpenHtmlAsHb" value="" />
    <property name="DefaultHtmlFileTemplate" value="HTML File" />
  </component>
  <component name="RunDashboard">
    <option name="ruleStates">
      <list>
        <RuleState>
          <option name="name" value="ConfigurationTypeDashboardGroupingRule" />
        </RuleState>
        <RuleState>
          <option name="name" value="StatusDashboardGroupingRule" />
        </RuleState>
      </list>
    </option>
  </component>
  <component name="RunManager">
    <configuration default="true" type="DartCommandLineRunConfigurationType" factoryName="Dart Command Line Application">
      <method />
    </configuration>
    <configuration default="true" type="DartTestRunConfigurationType" factoryName="Dart Test">
      <method />
    </configuration>
    <configuration default="true" type="JavaScriptTestRunnerJest" factoryName="Jest">
      <node-interpreter value="project" />
      <working-dir value="" />
      <envs />
      <scope-kind value="ALL" />
      <method />
    </configuration>
    <configuration default="true" type="JavaScriptTestRunnerKarma" factoryName="Karma">
      <config-file value="" />
      <node-interpreter value="project" />
      <envs />
      <method />
    </configuration>
    <configuration default="true" type="JavaScriptTestRunnerProtractor" factoryName="Protractor">
      <config-file value="" />
      <node-interpreter value="project" />
      <envs />
      <method />
    </configuration>
    <configuration default="true" type="JavascriptDebugType" factoryName="JavaScript Debug">
      <method />
    </configuration>
    <configuration default="true" type="NodeJSConfigurationType" factoryName="Node.js" path-to-node="project" working-dir="">
      <method />
    </configuration>
    <configuration default="true" type="cucumber.js" factoryName="Cucumber.js">
      <option name="cucumberJsArguments" value="" />
      <option name="executablePath" />
      <option name="filePath" />
      <method />
    </configuration>
    <configuration default="true" type="js.build_tools.gulp" factoryName="Gulp.js">
      <node-interpreter>project</node-interpreter>
      <node-options />
      <gulpfile />
      <tasks />
      <arguments />
      <envs />
      <method />
    </configuration>
    <configuration default="true" type="js.build_tools.npm" factoryName="npm">
      <command value="run" />
      <scripts />
      <node-interpreter value="project" />
      <envs />
      <method />
    </configuration>
    <configuration default="true" type="mocha-javascript-test-runner" factoryName="Mocha">
      <node-interpreter>project</node-interpreter>
      <node-options />
      <working-directory />
      <pass-parent-env>true</pass-parent-env>
      <envs />
      <ui />
      <extra-mocha-options />
      <test-kind>DIRECTORY</test-kind>
      <test-directory />
      <recursive>false</recursive>
      <method />
    </configuration>
  </component>
  <component name="ShelveChangesManager" show_recycled="false">
    <option name="remove_strategy" value="false" />
  </component>
  <component name="TaskManager">
    <task active="true" id="Default" summary="Default task">
      <changelist id="9f243686-d64f-4be9-9d0b-225b5f9a4e4a" name="Default" comment="" />
      <created>1491381545086</created>
      <option name="number" value="Default" />
      <option name="presentableId" value="Default" />
      <updated>1491381545086</updated>
      <workItem from="1491381546715" duration="4803000" />
      <workItem from="1491390415321" duration="6733000" />
    </task>
    <servers />
  </component>
  <component name="TimeTrackingManager">
    <option name="totallyTimeSpent" value="11536000" />
  </component>
  <component name="ToolWindowManager">
    <frame x="48" y="190" width="1373" height="738" extended-state="0" />
    <layout>
      <window_info id="Project" active="false" anchor="left" auto_hide="false" internal_type="DOCKED" type="DOCKED" visible="true" show_stripe_button="true" weight="0.19026217" sideWeight="0.5" order="0" side_tool="false" content_ui="combo" />
      <window_info id="TODO" active="false" anchor="bottom" auto_hide="false" internal_type="DOCKED" type="DOCKED" visible="false" show_stripe_button="true" weight="0.33" sideWeight="0.5" order="6" side_tool="false" content_ui="tabs" />
      <window_info id="Event Log" active="false" anchor="bottom" auto_hide="false" internal_type="DOCKED" type="DOCKED" visible="false" show_stripe_button="true" weight="0.33" sideWeight="0.5" order="7" side_tool="true" content_ui="tabs" />
      <window_info id="Version Control" active="false" anchor="bottom" auto_hide="false" internal_type="DOCKED" type="DOCKED" visible="false" show_stripe_button="false" weight="0.33" sideWeight="0.5" order="7" side_tool="false" content_ui="tabs" />
      <window_info id="Run" active="false" anchor="bottom" auto_hide="false" internal_type="DOCKED" type="DOCKED" visible="false" show_stripe_button="true" weight="0.33" sideWeight="0.5" order="2" side_tool="false" content_ui="tabs" />
      <window_info id="Structure" active="false" anchor="left" auto_hide="false" internal_type="DOCKED" type="DOCKED" visible="false" show_stripe_button="true" weight="0.25" sideWeight="0.5" order="1" side_tool="false" content_ui="tabs" />
      <window_info id="Terminal" active="false" anchor="bottom" auto_hide="false" internal_type="DOCKED" type="DOCKED" visible="false" show_stripe_button="true" weight="0.33" sideWeight="0.5" order="7" side_tool="false" content_ui="tabs" />
      <window_info id="Favorites" active="false" anchor="left" auto_hide="false" internal_type="DOCKED" type="DOCKED" visible="false" show_stripe_button="true" weight="0.33" sideWeight="0.5" order="2" side_tool="true" content_ui="tabs" />
      <window_info id="Debug" active="false" anchor="bottom" auto_hide="false" internal_type="DOCKED" type="DOCKED" visible="false" show_stripe_button="true" weight="0.4" sideWeight="0.5" order="3" side_tool="false" content_ui="tabs" />
      <window_info id="Cvs" active="false" anchor="bottom" auto_hide="false" internal_type="DOCKED" type="DOCKED" visible="false" show_stripe_button="true" weight="0.25" sideWeight="0.5" order="4" side_tool="false" content_ui="tabs" />
      <window_info id="Message" active="false" anchor="bottom" auto_hide="false" internal_type="DOCKED" type="DOCKED" visible="false" show_stripe_button="true" weight="0.33" sideWeight="0.5" order="0" side_tool="false" content_ui="tabs" />
      <window_info id="Commander" active="false" anchor="right" auto_hide="false" internal_type="DOCKED" type="DOCKED" visible="false" show_stripe_button="true" weight="0.4" sideWeight="0.5" order="0" side_tool="false" content_ui="tabs" />
      <window_info id="Inspection" active="false" anchor="bottom" auto_hide="false" internal_type="DOCKED" type="DOCKED" visible="false" show_stripe_button="true" weight="0.4" sideWeight="0.5" order="5" side_tool="false" content_ui="tabs" />
      <window_info id="Hierarchy" active="false" anchor="right" auto_hide="false" internal_type="DOCKED" type="DOCKED" visible="false" show_stripe_button="true" weight="0.25" sideWeight="0.5" order="2" side_tool="false" content_ui="combo" />
      <window_info id="Find" active="false" anchor="bottom" auto_hide="false" internal_type="DOCKED" type="DOCKED" visible="false" show_stripe_button="true" weight="0.33" sideWeight="0.5" order="1" side_tool="false" content_ui="tabs" />
      <window_info id="Ant Build" active="false" anchor="right" auto_hide="false" internal_type="DOCKED" type="DOCKED" visible="false" show_stripe_button="true" weight="0.25" sideWeight="0.5" order="1" side_tool="false" content_ui="tabs" />
    </layout>
  </component>
  <component name="TypeScriptGeneratedFilesManager">
    <option name="processedProjectFiles" value="true" />
  </component>
  <component name="VcsContentAnnotationSettings">
    <option name="myLimit" value="2678400000" />
  </component>
  <component name="XDebuggerManager">
    <breakpoint-manager />
    <watches-manager />
  </component>
  <component name="editorHistoryManager">
    <entry file="file://$PROJECT_DIR$/muyingzhijia/js/zhuce.js">
      <provider selected="true" editor-type-id="text-editor">
        <state relative-caret-position="3325">
          <caret line="133" column="7" lean-forward="false" selection-start-line="133" selection-start-column="7" selection-end-line="133" selection-end-column="7" />
          <folding>
            <marker date="1491396174533" expanded="true" signature="333:400" ph="..." />
            <marker date="1491396174533" expanded="true" signature="623:692" ph="..." />
            <marker date="1491396174533" expanded="true" signature="1233:1300" ph="..." />
            <marker date="1491396174533" expanded="true" signature="2050:2119" ph="..." />
            <marker date="1491396174533" expanded="true" signature="2649:2718" ph="..." />
            <marker date="1491396174533" expanded="true" signature="2957:3024" ph="..." />
            <marker date="1491396174533" expanded="true" signature="3277:3344" ph="..." />
            <marker date="1491396174533" expanded="true" signature="4139:4206" ph="..." />
            <marker date="1491396174533" expanded="true" signature="4561:4628" ph="..." />
            <marker date="1491396174533" expanded="true" signature="5137:5204" ph="..." />
            <marker date="1491396174533" expanded="true" signature="5639:5706" ph="..." />
          </folding>
        </state>
      </provider>
    </entry>
    <entry file="file://$PROJECT_DIR$/muyingzhijia/js/common2.js">
      <provider selected="true" editor-type-id="text-editor">
        <state relative-caret-position="125">
          <caret line="5" column="15" lean-forward="true" selection-start-line="5" selection-start-column="15" selection-end-line="5" selection-end-column="15" />
          <folding>
            <marker date="1491386053578" expanded="true" signature="127:149" ph="..." />
          </folding>
        </state>
      </provider>
    </entry>
    <entry file="file://$PROJECT_DIR$/muyingzhijia/js/index.js">
      <provider selected="true" editor-type-id="text-editor">
        <state relative-caret-position="1725">
          <caret line="69" column="0" lean-forward="true" selection-start-line="69" selection-start-column="0" selection-end-line="69" selection-end-column="0" />
          <folding>
            <marker date="1491386274668" expanded="true" signature="2343:2363" ph="..." />
          </folding>
        </state>
      </provider>
    </entry>
    <entry file="file://$PROJECT_DIR$/muyingzhijia/html/index.html">
      <provider selected="true" editor-type-id="text-editor">
        <state relative-caret-position="50">
          <caret line="2" column="10" lean-forward="true" selection-start-line="2" selection-start-column="10" selection-end-line="2" selection-end-column="10" />
          <folding>
            <element signature="n#div#2;n#body#0;n#html#0;n#!!top" expanded="false" />
            <element signature="n#div#3;n#body#0;n#html#0;n#!!top" expanded="false" />
            <element signature="n#div#4;n#body#0;n#html#0;n#!!top" expanded="false" />
            <element signature="n#div#5;n#body#0;n#html#0;n#!!top" expanded="false" />
            <element signature="n#div#6;n#body#0;n#html#0;n#!!top" expanded="false" />
            <element signature="n#div#8;n#body#0;n#html#0;n#!!top" expanded="false" />
            <element signature="n#div#0;n#div#9;n#body#0;n#html#0;n#!!top" expanded="false" />
            <element signature="n#div#10;n#body#0;n#html#0;n#!!top" expanded="false" />
          </folding>
        </state>
      </provider>
    </entry>
    <entry file="file://$PROJECT_DIR$/muyingzhijia/js/login.js">
      <provider selected="true" editor-type-id="text-editor">
        <state relative-caret-position="1275">
          <caret line="51" column="36" lean-forward="true" selection-start-line="51" selection-start-column="36" selection-end-line="51" selection-end-column="36" />
          <folding>
            <marker date="1491384161244" expanded="true" signature="333:400" ph="..." />
            <marker date="1491384161244" expanded="true" signature="623:692" ph="..." />
            <marker date="1491384161244" expanded="true" signature="1233:1300" ph="..." />
            <marker date="1491384161244" expanded="true" signature="1543:1612" ph="..." />
            <marker date="1491384161244" expanded="true" signature="2461:2528" ph="..." />
            <marker date="1491384161244" expanded="true" signature="2779:2846" ph="..." />
          </folding>
        </state>
      </provider>
    </entry>
    <entry file="file://$PROJECT_DIR$/muyingzhijia/html/detail.html">
      <provider selected="true" editor-type-id="text-editor">
        <state relative-caret-position="0">
          <caret line="0" column="0" lean-forward="false" selection-start-line="0" selection-start-column="0" selection-end-line="0" selection-end-column="0" />
        </state>
      </provider>
    </entry>
    <entry file="file://$PROJECT_DIR$/muyingzhijia/css/index.css">
      <provider selected="true" editor-type-id="text-editor">
        <state relative-caret-position="-287">
          <caret line="63" column="0" lean-forward="true" selection-start-line="63" selection-start-column="0" selection-end-line="63" selection-end-column="0" />
          <folding />
        </state>
      </provider>
    </entry>
    <entry file="file://$PROJECT_DIR$/muyingzhijia/js/index.js">
      <provider selected="true" editor-type-id="text-editor">
        <state relative-caret-position="1725">
          <caret line="69" column="0" lean-forward="false" selection-start-line="69" selection-start-column="0" selection-end-line="69" selection-end-column="0" />
          <folding>
            <marker date="1491386274668" expanded="true" signature="2343:2363" ph="..." />
          </folding>
        </state>
      </provider>
    </entry>
    <entry file="file://$PROJECT_DIR$/muyingzhijia/css/detail.css">
      <provider selected="true" editor-type-id="text-editor">
        <state relative-caret-position="0">
          <caret line="0" column="0" lean-forward="false" selection-start-line="0" selection-start-column="0" selection-end-line="0" selection-end-column="0" />
          <folding />
        </state>
      </provider>
    </entry>
    <entry file="file://$PROJECT_DIR$/muyingzhijia/js/common2.js">
      <provider selected="true" editor-type-id="text-editor">
        <state relative-caret-position="125">
          <caret line="5" column="15" lean-forward="false" selection-start-line="5" selection-start-column="15" selection-end-line="5" selection-end-column="15" />
          <folding>
            <marker date="1491386053578" expanded="true" signature="127:149" ph="..." />
          </folding>
        </state>
      </provider>
    </entry>
    <entry file="file://$PROJECT_DIR$/muyingzhijia/css/common2.css">
      <provider selected="true" editor-type-id="text-editor">
        <state relative-caret-position="575">
          <caret line="62" column="32" lean-forward="false" selection-start-line="62" selection-start-column="32" selection-end-line="62" selection-end-column="32" />
          <folding />
        </state>
      </provider>
    </entry>
    <entry file="file://$PROJECT_DIR$/muyingzhijia/html/index.html">
      <provider selected="true" editor-type-id="text-editor">
        <state relative-caret-position="125">
          <caret line="11" column="30" lean-forward="true" selection-start-line="11" selection-start-column="30" selection-end-line="11" selection-end-column="30" />
          <folding>
            <element signature="n#div#2;n#body#0;n#html#0;n#!!top" expanded="false" />
            <element signature="n#div#3;n#body#0;n#html#0;n#!!top" expanded="false" />
            <element signature="n#div#4;n#body#0;n#html#0;n#!!top" expanded="false" />
            <element signature="n#div#5;n#body#0;n#html#0;n#!!top" expanded="false" />
            <element signature="n#div#6;n#body#0;n#html#0;n#!!top" expanded="false" />
            <element signature="n#div#8;n#body#0;n#html#0;n#!!top" expanded="false" />
            <element signature="n#div#0;n#div#9;n#body#0;n#html#0;n#!!top" expanded="false" />
            <element signature="n#div#10;n#body#0;n#html#0;n#!!top" expanded="false" />
          </folding>
        </state>
      </provider>
    </entry>
    <entry file="file://$PROJECT_DIR$/muyingzhijia/html/footer.html">
      <provider selected="true" editor-type-id="text-editor">
        <state relative-caret-position="75">
          <caret line="103" column="0" lean-forward="true" selection-start-line="103" selection-start-column="0" selection-end-line="103" selection-end-column="0" />
          <folding>
            <element signature="n#div#0;n#!!top" expanded="false" />
            <element signature="n#div#1;n#!!top" expanded="false" />
          </folding>
        </state>
      </provider>
    </entry>
    <entry file="file://$PROJECT_DIR$/muyingzhijia/html/zhuce.html">
      <provider selected="true" editor-type-id="text-editor">
        <state relative-caret-position="313">
          <caret line="108" column="49" lean-forward="false" selection-start-line="108" selection-start-column="49" selection-end-line="108" selection-end-column="49" />
          <folding />
        </state>
      </provider>
    </entry>
    <entry file="file://$PROJECT_DIR$/muyingzhijia/html/list.html">
      <provider selected="true" editor-type-id="text-editor">
        <state relative-caret-position="388">
          <caret line="235" column="0" lean-forward="true" selection-start-line="235" selection-start-column="0" selection-end-line="235" selection-end-column="0" />
          <folding>
            <element signature="n#div#2;n#body#0;n#html#0;n#!!top" expanded="false" />
            <element signature="n#div#1;n#div#2;n#body#0;n#html#0;n#!!top" expanded="false" />
            <element signature="n#div#2;n#div#2;n#body#0;n#html#0;n#!!top" expanded="false" />
            <element signature="n#div#3;n#div#2;n#body#0;n#html#0;n#!!top" expanded="false" />
            <element signature="n#div#4;n#div#2;n#body#0;n#html#0;n#!!top" expanded="false" />
            <element signature="n#div#5;n#div#2;n#body#0;n#html#0;n#!!top" expanded="false" />
            <element signature="n#div#6;n#div#2;n#body#0;n#html#0;n#!!top" expanded="false" />
            <element signature="n#div#7;n#div#2;n#body#0;n#html#0;n#!!top" expanded="false" />
            <element signature="n#div#8;n#div#2;n#body#0;n#html#0;n#!!top" expanded="false" />
            <element signature="n#div#9;n#div#2;n#body#0;n#html#0;n#!!top" expanded="false" />
            <element signature="n#div#10;n#div#2;n#body#0;n#html#0;n#!!top" expanded="false" />
            <element signature="n#div#11;n#div#2;n#body#0;n#html#0;n#!!top" expanded="false" />
            <element signature="n#div#12;n#div#2;n#body#0;n#html#0;n#!!top" expanded="false" />
            <element signature="n#div#13;n#div#2;n#body#0;n#html#0;n#!!top" expanded="false" />
            <element signature="n#div#14;n#div#2;n#body#0;n#html#0;n#!!top" expanded="false" />
            <marker date="1491396083047" expanded="true" signature="2176:2198" ph="..." />
          </folding>
        </state>
      </provider>
    </entry>
    <entry file="file://$PROJECT_DIR$/muyingzhijia/html/detail2.html">
      <provider selected="true" editor-type-id="text-editor">
        <state relative-caret-position="213">
          <caret line="311" column="26" lean-forward="true" selection-start-line="311" selection-start-column="26" selection-end-line="311" selection-end-column="26" />
          <folding>
            <element signature="n#script#4;n#head#0;n#html#0;n#!!top" expanded="false" />
            <element signature="n#script#5;n#head#0;n#html#0;n#!!top" expanded="false" />
            <marker date="1491397242102" expanded="true" signature="738:760" ph="..." />
          </folding>
        </state>
      </provider>
    </entry>
    <entry file="file://$PROJECT_DIR$/muyingzhijia/html/header.html">
      <provider selected="true" editor-type-id="text-editor">
        <state relative-caret-position="175">
          <caret line="7" column="26" lean-forward="true" selection-start-line="7" selection-start-column="26" selection-end-line="7" selection-end-column="26" />
          <folding>
            <element signature="n#style#0;n#a#0;n#div#0;n#li#3;n#ul#1;n#div#0;n#div#0;n#!!top" expanded="true" />
            <element signature="n#style#0;n#a#1;n#div#0;n#li#3;n#ul#1;n#div#0;n#div#0;n#!!top" expanded="true" />
            <element signature="n#style#0;n#li#0;n#ul#0;n#div#1;n#div#0;n#div#2;n#!!top" expanded="true" />
            <element signature="n#style#0;n#li#1;n#ul#0;n#div#1;n#div#0;n#div#2;n#!!top" expanded="true" />
          </folding>
        </state>
      </provider>
    </entry>
    <entry file="file://$PROJECT_DIR$/muyingzhijia/css/shoppingcar.css">
      <provider selected="true" editor-type-id="text-editor">
        <state relative-caret-position="25">
          <caret line="1" column="32" lean-forward="false" selection-start-line="1" selection-start-column="32" selection-end-line="1" selection-end-column="32" />
          <folding />
        </state>
      </provider>
    </entry>
    <entry file="file://$PROJECT_DIR$/muyingzhijia/css/login.css">
      <provider selected="true" editor-type-id="text-editor">
        <state relative-caret-position="25">
          <caret line="1" column="0" lean-forward="false" selection-start-line="1" selection-start-column="0" selection-end-line="1" selection-end-column="33" />
          <folding />
        </state>
      </provider>
    </entry>
    <entry file="file://$PROJECT_DIR$/muyingzhijia/css/zhuce.css">
      <provider selected="true" editor-type-id="text-editor">
        <state relative-caret-position="25">
          <caret line="3" column="33" lean-forward="true" selection-start-line="3" selection-start-column="33" selection-end-line="3" selection-end-column="33" />
          <folding />
        </state>
      </provider>
    </entry>
    <entry file="file://$PROJECT_DIR$/muyingzhijia/js/login.js">
      <provider selected="true" editor-type-id="text-editor">
        <state relative-caret-position="175">
          <caret line="51" column="36" lean-forward="false" selection-start-line="51" selection-start-column="36" selection-end-line="51" selection-end-column="36" />
          <folding>
            <marker date="1491384161244" expanded="true" signature="333:400" ph="..." />
            <marker date="1491384161244" expanded="true" signature="623:692" ph="..." />
            <marker date="1491384161244" expanded="true" signature="1233:1300" ph="..." />
            <marker date="1491384161244" expanded="true" signature="1543:1612" ph="..." />
            <marker date="1491384161244" expanded="true" signature="2461:2528" ph="..." />
            <marker date="1491384161244" expanded="true" signature="2779:2846" ph="..." />
          </folding>
        </state>
      </provider>
    </entry>
    <entry file="file://$PROJECT_DIR$/muyingzhijia/html/login.html">
      <provider selected="true" editor-type-id="text-editor">
        <state relative-caret-position="125">
          <caret line="14" column="0" lean-forward="false" selection-start-line="14" selection-start-column="0" selection-end-line="14" selection-end-column="0" />
          <folding />
        </state>
      </provider>
    </entry>
    <entry file="file://$PROJECT_DIR$/muyingzhijia/html/shoppingcar.html">
      <provider selected="true" editor-type-id="text-editor">
        <state relative-caret-position="377">
          <caret line="145" column="48" lean-forward="true" selection-start-line="145" selection-start-column="48" selection-end-line="145" selection-end-column="48" />
          <folding>
            <element signature="n#script#2;n#head#0;n#html#0;n#!!top" expanded="false" />
            <element signature="n#script#3;n#head#0;n#html#0;n#!!top" expanded="false" />
            <element signature="n#div#2;n#body#0;n#html#0;n#!!top" expanded="false" />
            <marker date="1491393647878" expanded="true" signature="3817:3839" ph="..." />
          </folding>
        </state>
      </provider>
    </entry>
    <entry file="file://$PROJECT_DIR$/muyingzhijia/js/zhuce.js">
      <provider selected="true" editor-type-id="text-editor">
        <state relative-caret-position="355">
          <caret line="152" column="10" lean-forward="true" selection-start-line="152" selection-start-column="10" selection-end-line="152" selection-end-column="10" />
          <folding>
            <marker date="1491396174533" expanded="true" signature="333:400" ph="..." />
            <marker date="1491396174533" expanded="true" signature="623:692" ph="..." />
            <marker date="1491396174533" expanded="true" signature="1233:1300" ph="..." />
            <marker date="1491396174533" expanded="true" signature="2050:2119" ph="..." />
            <marker date="1491396174533" expanded="true" signature="2649:2718" ph="..." />
            <marker date="1491396174533" expanded="true" signature="2957:3024" ph="..." />
            <marker date="1491396174533" expanded="true" signature="3277:3344" ph="..." />
            <marker date="1491396174533" expanded="true" signature="4139:4206" ph="..." />
            <marker date="1491396174533" expanded="true" signature="4561:4628" ph="..." />
            <marker date="1491396174533" expanded="true" signature="5137:5204" ph="..." />
            <marker date="1491396174533" expanded="true" signature="5639:5706" ph="..." />
          </folding>
        </state>
      </provider>
    </entry>
  </component>
</project>